user_id,risk_score,risk_level,confidence,anomaly_score,total_activities,failed_activities,downloads_count,sensitive_files_accessed,after_hours_access,unique_locations,timestamp
USER_0001,5.7,Medium,75.67,0.0,310,12,47,10,4,5,2026-02-19
USER_0002,3.28,Low,81.81,0.091,324,3,33,2,8,2,2026-03-06
USER_0003,1.73,Low,54.31,0.386,290,8,37,5,3,5,2026-02-18
USER_0004,4.42,Medium,58.75,0.616,150,2,27,2,1,3,2026-03-03
USER_0005,1.74,Low,90.08,0.305,381,8,50,2,8,2,2026-02-25
USER_0006,6.96,High,47.1,0.01,181,0,8,4,5,1,2026-03-17
USER_0007,6.22,High,95.11,0.729,60,15,14,6,3,2,2026-02-22
USER_0008,3.89,Low,62.13,0.533,493,9,23,10,13,3,2026-02-23
USER_0009,5.04,Medium,44.89,0.233,189,6,12,10,12,1,2026-03-05
USER_0010,2.22,Low,94.2,0.169,250,4,50,8,13,1,2026-03-08
USER_0011,1.49,Low,41.78,0.78,371,11,21,8,0,2,2026-03-11
USER_0012,4.98,Medium,82.09,0.287,118,20,26,10,11,1,2026-03-09
USER_0013,1.58,Low,66.74,0.737,333,16,14,7,1,2,2026-02-18
USER_0014,2.97,Low,62.1,0.936,318,18,17,0,15,1,2026-03-18
USER_0015,7.37,High,83.29,0.447,80,9,41,9,4,4,2026-03-19
USER_0016,4.81,Medium,52.51,0.037,475,16,49,1,0,5,2026-03-09
USER_0017,2.46,Low,78.64,0.527,264,18,22,7,11,4,2026-03-10
USER_0018,5.1,Medium,55.38,0.668,243,14,34,8,2,4,2026-02-24
USER_0019,6.15,High,48.62,0.661,137,0,1,10,11,5,2026-03-19
USER_0020,8.94,Critical,97.05,0.006,171,11,21,6,2,2,2026-03-20
USER_0021,9.33,Critical,90.05,0.775,317,2,46,7,14,4,2026-03-02
USER_0022,4.5,Medium,65.43,0.425,151,5,5,2,11,2,2026-02-27
USER_0023,1.06,Low,60.7,0.083,480,5,16,9,0,4,2026-02-21
USER_0024,3.46,Low,54.79,0.919,416,8,29,5,12,4,2026-03-15
USER_0025,4.06,Medium,72.73,0.655,414,8,39,9,1,1,2026-03-14
USER_0026,1.26,Low,48.45,0.39,235,18,26,2,13,4,2026-02-21
USER_0027,8.05,Critical,95.09,0.69,76,9,11,10,9,4,2026-03-16
USER_0028,9.58,Critical,56.21,0.337,55,7,4,9,11,5,2026-03-16
USER_0029,9.29,Critical,66.36,0.098,477,20,18,3,1,4,2026-03-13
USER_0030,4.08,Medium,42.95,0.37,447,7,39,6,11,4,2026-02-24
USER_0031,4.78,Medium,83.9,0.051,148,1,33,5,8,2,2026-03-13
USER_0032,9.67,Critical,64.16,0.279,227,18,11,1,9,5,2026-03-13
USER_0033,6.44,High,79.01,0.104,447,13,40,5,13,5,2026-03-19
USER_0034,7.18,High,64.13,0.085,444,17,25,3,7,3,2026-03-16
USER_0035,7.17,High,74.63,0.984,93,18,5,9,9,5,2026-03-12
USER_0036,7.51,High,45.53,0.054,184,4,4,6,11,3,2026-03-04
USER_0037,2.76,Low,42.89,0.344,363,17,29,9,10,3,2026-03-11
USER_0038,7.42,High,88.51,0.196,266,2,24,10,4,1,2026-03-17
USER_0039,3.56,Low,72.53,0.326,392,14,43,4,14,4,2026-03-16
USER_0040,7.47,High,87.1,0.064,474,9,28,8,7,1,2026-02-22
USER_0041,7.34,High,61.64,0.171,245,5,5,8,0,4,2026-02-21
USER_0042,6.85,High,40.34,0.605,54,16,34,8,15,3,2026-03-20
USER_0043,3.61,Low,91.19,0.052,191,3,28,3,14,1,2026-03-08
USER_0044,9.64,Critical,61.34,0.799,484,11,2,5,8,1,2026-03-01
USER_0045,5.87,Medium,64.14,0.105,171,2,3,1,7,5,2026-03-11
USER_0046,3.83,Low,75.84,0.061,130,17,13,1,15,3,2026-03-01
USER_0047,4.48,Medium,55.66,0.386,425,8,14,5,7,1,2026-03-06
USER_0048,8.43,Critical,47.98,0.622,230,15,16,6,5,1,2026-03-07
USER_0049,6.76,High,83.67,0.484,496,10,44,4,2,4,2026-03-14
USER_0050,8.43,Critical,65.85,0.164,52,13,5,9,14,5,2026-02-22
USER_0051,2.03,Low,92.27,0.912,422,14,7,5,9,1,2026-03-06
USER_0052,7.31,High,51.02,0.164,226,5,39,8,3,3,2026-02-20
USER_0053,6.76,High,85.18,0.17,298,14,7,3,13,3,2026-03-18
USER_0054,2.35,Low,82.4,0.728,336,1,29,0,0,5,2026-02-23
USER_0055,9.74,Critical,93.96,0.667,137,12,11,8,2,1,2026-03-12
USER_0056,5.36,Medium,68.41,0.103,405,6,0,1,9,5,2026-03-06
USER_0057,5.37,Medium,59.62,0.761,353,2,25,6,4,2,2026-02-22
USER_0058,3.07,Low,53.21,0.151,365,1,19,1,9,4,2026-03-14
USER_0059,5.18,Medium,82.96,0.456,297,20,21,1,7,2,2026-02-20
USER_0060,9.57,Critical,56.11,0.152,488,10,11,7,14,2,2026-03-10
USER_0061,5.46,Medium,90.45,0.353,431,5,6,10,9,2,2026-02-20
USER_0062,6.82,High,90.57,0.202,393,4,9,7,8,3,2026-03-03
USER_0063,9.22,Critical,77.07,0.506,469,9,0,4,4,4,2026-03-02
USER_0064,2.08,Low,75.08,0.859,191,0,29,4,11,5,2026-03-19
USER_0065,2.66,Low,53.1,0.473,94,14,30,4,15,2,2026-03-02
USER_0066,3.8,Low,55.13,0.3,346,18,8,4,8,5,2026-03-04
USER_0067,1.46,Low,95.25,0.614,401,18,32,10,8,5,2026-03-20
USER_0068,8.79,Critical,79.31,0.053,495,14,10,9,6,5,2026-02-27
USER_0069,1.21,Low,95.61,0.1,455,4,37,2,2,4,2026-03-01
USER_0070,4.9,Medium,41.73,0.106,148,4,25,5,10,3,2026-03-10
USER_0071,3.38,Low,96.27,0.755,283,10,47,2,5,3,2026-03-19
USER_0072,2.93,Low,41.42,0.58,265,10,32,5,14,3,2026-02-25
USER_0073,6.59,High,98.27,0.36,348,15,5,9,14,4,2026-02-19
USER_0074,8.84,Critical,77.31,0.811,212,15,9,5,9,4,2026-02-21
USER_0075,5.89,Medium,83.17,0.659,313,11,8,6,0,4,2026-03-09
USER_0076,7.42,High,58.46,0.203,389,11,8,10,8,2,2026-03-11
USER_0077,2.18,Low,87.91,0.801,115,6,34,9,8,3,2026-03-07
USER_0078,9.98,Critical,55.29,0.027,62,15,28,2,3,4,2026-03-11
USER_0079,9.77,Critical,94.77,0.559,309,19,41,10,15,5,2026-02-20
USER_0080,1.96,Low,80.11,0.167,292,7,9,10,4,4,2026-03-06
USER_0081,2.15,Low,50.59,0.262,187,17,15,2,1,1,2026-03-19
USER_0082,6.2,High,47.54,0.977,451,8,25,0,13,4,2026-02-19
USER_0083,3.13,Low,62.1,0.375,62,8,41,5,15,5,2026-02-23
USER_0084,1.93,Low,61.43,0.251,491,8,5,4,13,2,2026-03-19
USER_0085,8.74,Critical,53.16,0.15,262,16,29,5,4,3,2026-02-22
USER_0086,9.61,Critical,65.12,0.924,226,8,40,9,3,2,2026-03-17
USER_0087,4.46,Medium,74.39,0.382,384,9,8,4,11,2,2026-02-27
USER_0088,4.18,Medium,64.09,0.624,171,0,5,1,3,2,2026-03-20
USER_0089,5.66,Medium,97.12,0.8,319,9,24,9,5,1,2026-03-14
USER_0090,9.01,Critical,57.8,0.449,216,4,27,1,15,1,2026-03-06
USER_0091,4.43,Medium,55.28,0.558,343,3,11,0,0,1,2026-03-13
USER_0092,9.31,Critical,73.34,0.591,233,8,36,7,14,3,2026-03-12
USER_0093,5.89,Medium,70.03,0.019,297,13,10,7,8,3,2026-03-01
USER_0094,9.49,Critical,51.09,0.191,354,2,50,2,14,2,2026-03-17
USER_0095,6.51,High,59.29,0.44,494,19,41,6,10,4,2026-02-26
USER_0096,9.68,Critical,78.08,0.007,484,8,37,8,11,2,2026-03-14
USER_0097,6.02,High,43.59,0.97,265,8,40,8,12,4,2026-02-24
USER_0098,5.41,Medium,93.84,0.365,479,13,12,7,12,4,2026-03-15
USER_0099,6.23,High,53.27,0.688,128,15,6,2,5,3,2026-03-18
USER_0100,9.59,Critical,49.89,0.267,222,0,0,0,2,3,2026-02-28
USER_0101,5.85,Medium,72.44,0.515,183,11,41,5,1,5,2026-03-02
USER_0102,6.67,High,50.81,0.405,167,19,41,4,9,3,2026-03-05
USER_0103,1.08,Low,81.37,0.448,496,12,11,3,2,4,2026-03-18
USER_0104,3.6,Low,83.19,0.793,489,3,39,5,5,2,2026-03-13
USER_0105,8.12,Critical,70.89,0.393,309,4,48,1,11,2,2026-02-27
USER_0106,8.13,Critical,91.21,0.699,346,17,23,8,14,3,2026-02-24
USER_0107,7.8,High,76.82,0.391,250,18,13,4,0,5,2026-03-02
USER_0108,3.29,Low,60.09,0.339,324,18,45,3,3,4,2026-03-06
USER_0109,4.1,Medium,55.31,0.713,288,13,35,8,10,5,2026-03-19
USER_0110,8.77,Critical,97.46,0.156,216,12,7,8,3,3,2026-03-01
USER_0111,7.4,High,85.55,0.6,222,6,48,2,14,5,2026-03-15
USER_0112,4.25,Medium,66.24,0.036,339,14,15,2,5,5,2026-03-11
USER_0113,8.54,Critical,65.67,0.23,349,0,9,0,12,4,2026-02-22
USER_0114,1.75,Low,47.41,0.574,252,18,39,3,15,1,2026-03-06
USER_0115,7.45,High,70.71,0.405,102,9,4,7,10,5,2026-02-21
USER_0116,3.8,Low,77.51,0.513,234,14,47,0,1,5,2026-02-21
USER_0117,1.64,Low,46.94,0.636,365,2,32,3,5,4,2026-03-02
USER_0118,3.7,Low,86.72,0.503,492,16,2,4,2,1,2026-03-11
USER_0119,1.95,Low,41.45,0.07,195,19,3,0,6,4,2026-03-09
USER_0120,9.43,Critical,71.62,0.399,268,1,1,6,10,4,2026-03-17
USER_0121,2.24,Low,72.43,0.317,416,4,26,9,7,1,2026-03-15
USER_0122,8.0,Critical,62.91,0.861,153,12,47,2,6,1,2026-03-16
USER_0123,5.18,Medium,51.15,0.433,98,2,29,10,11,4,2026-03-13
USER_0124,7.35,High,48.66,0.754,227,11,24,7,4,3,2026-03-05
USER_0125,6.67,High,76.71,0.073,107,0,1,6,12,3,2026-02-21
USER_0126,9.33,Critical,98.78,0.448,209,12,36,5,0,4,2026-03-04
USER_0127,5.57,Medium,81.56,0.134,362,10,46,4,12,2,2026-03-09
USER_0128,8.08,Critical,63.49,0.326,368,18,40,7,12,5,2026-02-22
USER_0129,8.45,Critical,52.88,0.239,77,5,46,2,10,3,2026-03-03
USER_0130,3.25,Low,71.1,0.495,119,15,6,0,7,2,2026-03-01
USER_0131,5.6,Medium,57.54,0.624,187,1,16,9,13,3,2026-03-05
USER_0132,7.03,High,96.12,0.781,477,20,0,3,6,5,2026-03-08
USER_0133,3.32,Low,47.32,0.071,50,11,45,7,6,5,2026-02-26
USER_0134,4.77,Medium,40.26,0.45,428,8,10,1,3,2,2026-02-24
USER_0135,5.9,Medium,78.96,0.071,367,16,37,4,13,2,2026-02-20
USER_0136,1.92,Low,75.21,0.017,283,14,33,0,10,3,2026-03-09
USER_0137,5.66,Medium,67.85,0.103,362,11,4,7,8,2,2026-03-04
USER_0138,7.3,High,43.51,0.206,264,5,5,9,11,3,2026-03-08
USER_0139,7.3,High,61.51,0.835,115,14,2,7,3,1,2026-03-13
USER_0140,1.85,Low,47.66,0.626,254,19,4,5,3,4,2026-02-25
USER_0141,4.97,Medium,58.61,0.191,132,12,12,3,3,5,2026-03-08
USER_0142,3.83,Low,75.74,0.973,500,0,26,5,4,1,2026-02-22
USER_0143,9.37,Critical,76.78,0.777,341,7,35,0,12,5,2026-03-03
USER_0144,1.77,Low,87.22,0.308,344,5,48,8,13,3,2026-03-01
USER_0145,9.26,Critical,67.6,0.816,212,2,31,3,14,2,2026-02-27
USER_0146,4.17,Medium,53.33,0.626,500,8,20,4,15,5,2026-03-03
USER_0147,7.26,High,70.02,0.661,388,4,45,2,5,5,2026-02-25
USER_0148,8.02,Critical,46.1,0.358,437,3,12,0,14,5,2026-03-06
USER_0149,1.55,Low,92.85,0.709,240,12,26,10,14,2,2026-02-22
USER_0150,6.39,High,49.56,0.367,412,8,12,1,13,4,2026-02-28
USER_0151,8.99,Critical,59.14,0.661,81,3,13,10,7,1,2026-02-27
USER_0152,2.9,Low,94.8,0.377,191,17,42,7,6,1,2026-02-24
USER_0153,6.53,High,96.99,0.945,89,17,10,4,6,1,2026-02-21
USER_0154,6.18,High,60.44,0.25,419,3,5,9,0,1,2026-02-19
USER_0155,3.85,Low,64.36,0.236,248,15,2,8,2,3,2026-02-28
USER_0156,8.12,Critical,44.36,0.876,477,1,48,8,1,3,2026-02-18
USER_0157,7.65,High,96.98,0.28,436,6,33,4,7,1,2026-02-28
USER_0158,1.01,Low,68.04,0.865,325,0,30,7,2,3,2026-03-15
USER_0159,7.69,High,69.68,0.113,437,14,0,0,11,5,2026-03-04
USER_0160,3.31,Low,76.18,0.138,160,17,40,9,13,1,2026-03-02
USER_0161,5.2,Medium,61.94,0.945,339,16,33,7,4,4,2026-03-03
USER_0162,9.78,Critical,67.58,0.622,466,17,33,7,11,4,2026-03-20
USER_0163,9.83,Critical,44.39,0.194,276,3,34,7,10,3,2026-03-04
USER_0164,5.33,Medium,64.66,0.556,66,16,45,3,13,4,2026-03-20
USER_0165,8.97,Critical,89.46,0.73,487,2,25,9,10,4,2026-02-27
USER_0166,4.7,Medium,67.73,0.696,435,3,38,0,13,4,2026-03-01
USER_0167,1.96,Low,91.28,0.773,50,5,10,8,7,5,2026-03-04
USER_0168,3.0,Low,51.68,0.052,138,8,31,0,11,3,2026-03-06
USER_0169,1.78,Low,66.53,0.867,242,14,38,10,3,2,2026-03-01
USER_0170,1.99,Low,52.86,0.821,80,2,30,10,11,1,2026-02-25
USER_0171,2.94,Low,59.05,0.807,347,8,16,8,12,5,2026-03-18
USER_0172,2.6,Low,58.61,0.577,106,5,20,5,15,5,2026-02-25
USER_0173,6.1,High,88.16,0.892,160,17,25,2,7,1,2026-03-20
USER_0174,8.74,Critical,69.65,0.894,400,15,45,8,4,4,2026-02-19
USER_0175,1.14,Low,96.09,0.149,298,14,37,2,3,4,2026-03-17
USER_0176,4.71,Medium,95.65,0.498,440,15,3,8,9,4,2026-03-19
USER_0177,8.69,Critical,41.2,0.195,72,12,49,7,9,3,2026-02-20
USER_0178,8.96,Critical,50.7,0.101,343,20,41,7,8,3,2026-02-27
USER_0179,9.47,Critical,52.5,0.38,292,6,16,8,13,2,2026-03-14
USER_0180,4.2,Medium,70.67,0.731,72,16,8,0,3,2,2026-03-02
USER_0181,4.66,Medium,85.24,0.298,195,11,27,2,11,3,2026-03-13
USER_0182,5.19,Medium,58.06,0.755,210,0,33,5,12,2,2026-02-25
USER_0183,4.44,Medium,95.15,0.318,130,11,2,1,3,5,2026-03-10
USER_0184,8.34,Critical,53.8,0.671,312,1,22,7,5,1,2026-02-20
USER_0185,3.66,Low,50.41,0.49,338,8,6,4,10,2,2026-02-20
USER_0186,6.57,High,91.28,0.379,190,13,30,3,15,4,2026-02-18
USER_0187,9.64,Critical,67.48,0.403,451,6,46,1,5,4,2026-03-14
USER_0188,3.19,Low,81.78,0.708,364,19,38,10,7,2,2026-03-03
USER_0189,9.82,Critical,66.91,0.202,494,16,39,0,13,3,2026-02-21
USER_0190,4.42,Medium,64.1,0.127,99,14,39,3,0,2,2026-03-02
USER_0191,2.72,Low,82.92,0.878,126,4,28,6,15,5,2026-02-27
USER_0192,3.12,Low,74.4,0.89,499,16,38,7,11,4,2026-02-19
USER_0193,2.75,Low,88.28,0.119,445,9,27,9,8,1,2026-03-17
USER_0194,1.78,Low,63.32,0.674,464,3,38,8,8,5,2026-02-19
USER_0195,9.98,Critical,83.58,0.325,166,5,14,7,6,2,2026-03-14
USER_0196,7.81,High,48.88,0.216,274,0,43,9,4,1,2026-03-08
USER_0197,4.46,Medium,91.73,0.78,203,9,22,10,8,3,2026-02-26
USER_0198,5.71,Medium,46.98,0.973,316,10,47,3,7,4,2026-03-08
USER_0199,8.37,Critical,44.5,0.469,478,17,41,6,1,4,2026-02-21
USER_0200,7.96,High,59.13,0.518,115,20,11,2,3,5,2026-02-26
USER_0201,1.94,Low,68.76,0.601,166,16,19,4,13,5,2026-03-07
USER_0202,5.65,Medium,84.8,0.449,284,5,2,10,8,1,2026-02-28
USER_0203,7.67,High,48.67,0.674,424,1,45,2,7,4,2026-03-01
USER_0204,4.32,Medium,49.35,0.071,472,10,17,10,13,5,2026-02-26
USER_0205,4.74,Medium,83.85,0.349,336,10,24,9,10,1,2026-02-24
USER_0206,2.58,Low,74.52,0.902,395,14,33,6,6,5,2026-03-09
USER_0207,7.45,High,80.8,0.711,494,11,0,1,14,5,2026-03-15
USER_0208,9.26,Critical,88.95,0.501,345,6,42,9,9,5,2026-02-18
USER_0209,1.48,Low,82.42,0.014,161,3,25,9,3,5,2026-03-13
USER_0210,1.66,Low,64.69,0.652,220,0,18,3,11,5,2026-03-11
USER_0211,4.98,Medium,67.16,0.83,353,9,43,0,12,1,2026-03-13
USER_0212,7.94,High,92.56,0.26,243,10,30,8,1,3,2026-02-21
USER_0213,6.87,High,63.58,0.532,126,20,40,10,0,2,2026-02-27
USER_0214,1.39,Low,42.85,0.038,322,17,49,10,5,2,2026-03-04
USER_0215,2.15,Low,78.12,0.601,107,18,42,0,7,1,2026-03-13
USER_0216,9.24,Critical,50.96,0.349,203,10,2,9,3,3,2026-03-08
USER_0217,2.96,Low,79.82,0.033,434,11,29,7,5,5,2026-02-24
USER_0218,1.65,Low,87.81,0.772,496,8,32,2,15,3,2026-03-16
USER_0219,2.19,Low,95.27,0.95,80,5,40,9,9,3,2026-03-15
USER_0220,1.4,Low,67.62,0.977,475,8,46,9,4,5,2026-02-22
USER_0221,1.06,Low,78.48,0.796,336,14,41,7,1,5,2026-03-08
USER_0222,8.7,Critical,45.85,0.345,123,12,21,2,0,2,2026-03-07
USER_0223,2.64,Low,45.56,0.985,268,20,42,4,7,3,2026-02-26
USER_0224,2.95,Low,43.11,0.811,448,19,5,10,3,2,2026-03-07
USER_0225,4.3,Medium,60.2,0.842,196,0,1,3,8,1,2026-02-21
USER_0226,5.99,Medium,64.71,0.475,435,19,48,2,5,1,2026-03-12
USER_0227,8.33,Critical,83.42,0.824,413,2,38,2,8,1,2026-03-05
USER_0228,3.36,Low,69.28,0.688,288,18,12,0,5,5,2026-03-16
USER_0229,2.41,Low,95.15,0.203,233,10,9,2,14,1,2026-02-21
USER_0230,9.33,Critical,72.09,0.839,460,10,22,7,6,4,2026-03-17
USER_0231,6.01,High,65.96,0.404,431,9,43,8,10,2,2026-03-04
USER_0232,1.22,Low,67.69,0.019,246,5,48,6,9,4,2026-03-04
USER_0233,9.22,Critical,70.89,0.005,380,16,30,5,9,3,2026-03-16
USER_0234,4.13,Medium,51.15,0.015,435,19,2,6,1,3,2026-03-20
USER_0235,1.72,Low,53.69,0.832,139,12,37,1,4,2,2026-03-13
USER_0236,9.19,Critical,62.29,0.88,470,1,0,8,9,1,2026-02-21
USER_0237,1.92,Low,67.44,0.476,442,12,0,2,13,5,2026-02-20
USER_0238,1.72,Low,71.1,0.366,111,18,7,3,5,4,2026-02-19
USER_0239,7.04,High,73.25,0.054,70,17,29,7,9,3,2026-03-12
USER_0240,5.11,Medium,67.49,0.197,60,15,37,6,1,4,2026-03-18
USER_0241,1.76,Low,43.88,0.624,161,11,24,7,4,4,2026-02-26
USER_0242,5.87,Medium,63.94,0.95,409,2,42,5,4,5,2026-03-19
USER_0243,3.75,Low,85.21,0.217,484,9,12,10,7,1,2026-03-14
USER_0244,6.5,High,86.08,0.088,140,13,15,5,2,2,2026-03-10
USER_0245,9.78,Critical,71.9,0.245,499,3,9,4,10,4,2026-03-11
USER_0246,3.88,Low,70.5,0.113,408,3,34,9,14,1,2026-03-10
USER_0247,5.68,Medium,64.26,0.424,298,14,1,9,11,3,2026-02-22
USER_0248,3.93,Low,53.25,0.359,371,16,35,10,6,1,2026-03-14
USER_0249,9.2,Critical,71.61,0.329,488,4,28,7,13,4,2026-03-01
USER_0250,3.97,Low,43.3,0.267,150,6,15,4,7,1,2026-03-07
USER_0251,5.73,Medium,96.95,0.319,98,14,47,8,10,5,2026-02-26
USER_0252,4.11,Medium,65.08,0.424,77,9,38,9,2,2,2026-03-01
USER_0253,5.76,Medium,97.26,0.505,217,1,27,3,3,5,2026-03-14
USER_0254,6.48,High,94.58,0.969,323,17,33,0,3,1,2026-03-18
USER_0255,7.28,High,44.5,0.892,476,16,29,9,8,5,2026-03-15
USER_0256,2.91,Low,49.03,0.075,452,15,50,0,6,5,2026-03-18
USER_0257,7.64,High,55.91,0.961,147,20,18,6,14,4,2026-02-24
USER_0258,8.98,Critical,58.43,0.154,330,15,5,2,5,1,2026-03-09
USER_0259,3.62,Low,99.78,0.982,315,16,18,8,2,1,2026-02-26
USER_0260,4.34,Medium,80.9,0.41,134,7,32,10,4,1,2026-03-13
USER_0261,6.79,High,95.97,0.821,360,17,23,2,11,3,2026-02-21
USER_0262,4.59,Medium,62.25,0.543,373,15,10,9,8,4,2026-02-24
USER_0263,9.96,Critical,93.77,0.276,461,6,4,9,4,1,2026-03-17
USER_0264,2.58,Low,98.04,0.544,100,2,31,0,2,2,2026-03-19
USER_0265,1.48,Low,56.2,0.69,122,3,30,0,14,1,2026-02-23
USER_0266,7.32,High,93.27,0.103,399,0,7,8,10,1,2026-03-08
USER_0267,9.04,Critical,46.73,0.694,167,17,34,10,3,3,2026-02-23
USER_0268,9.73,Critical,80.13,0.841,71,10,36,2,0,1,2026-03-05
USER_0269,3.08,Low,57.99,0.744,495,15,7,8,0,1,2026-03-11
USER_0270,1.92,Low,66.3,0.121,383,14,1,7,8,4,2026-02-22
USER_0271,2.61,Low,96.6,0.346,468,15,45,7,15,5,2026-03-20
USER_0272,8.84,Critical,43.44,0.033,376,4,42,4,6,5,2026-03-20
USER_0273,7.24,High,87.54,0.944,254,1,22,3,7,4,2026-03-01
USER_0274,4.14,Medium,46.11,0.245,211,0,18,10,3,4,2026-02-19
USER_0275,1.09,Low,61.32,0.949,169,14,41,9,15,4,2026-03-11
USER_0276,6.15,High,97.98,0.717,124,14,20,0,0,1,2026-03-08
USER_0277,3.61,Low,57.25,0.466,487,7,18,5,6,5,2026-03-08
USER_0278,9.96,Critical,70.52,0.523,334,15,11,0,9,3,2026-03-12
USER_0279,2.01,Low,48.05,0.433,405,14,26,3,1,5,2026-03-20
USER_0280,6.29,High,81.08,0.995,275,5,17,5,4,2,2026-03-18
USER_0281,7.16,High,67.3,0.441,328,2,10,10,10,2,2026-02-20
USER_0282,2.08,Low,68.9,0.718,418,20,18,8,11,3,2026-02-19
USER_0283,5.25,Medium,83.97,0.843,147,6,27,7,6,4,2026-03-02
USER_0284,6.78,High,96.07,0.925,462,5,11,1,14,1,2026-03-14
USER_0285,5.02,Medium,99.11,0.269,365,0,35,9,11,5,2026-02-25
USER_0286,3.4,Low,64.01,0.012,296,15,32,2,0,4,2026-02-20
USER_0287,2.55,Low,59.1,0.096,226,4,35,6,2,5,2026-02-18
USER_0288,5.87,Medium,96.39,0.055,479,1,38,1,7,3,2026-02-20
USER_0289,5.44,Medium,94.01,0.936,155,1,43,10,0,1,2026-03-04
USER_0290,4.95,Medium,74.14,0.006,120,19,16,7,8,5,2026-03-03
USER_0291,9.17,Critical,47.37,0.924,289,16,0,4,10,2,2026-03-20
USER_0292,1.1,Low,79.08,0.931,175,12,16,8,12,4,2026-03-09
USER_0293,8.87,Critical,83.99,0.756,444,2,11,0,3,1,2026-03-12
USER_0294,9.81,Critical,85.46,0.674,486,10,37,6,2,3,2026-03-15
USER_0295,6.63,High,79.25,0.045,482,13,43,6,7,3,2026-02-19
USER_0296,2.21,Low,85.06,0.896,366,16,21,8,7,3,2026-03-16
USER_0297,7.1,High,85.68,0.679,251,17,22,9,5,4,2026-02-20
USER_0298,4.21,Medium,74.43,0.359,253,12,9,5,7,5,2026-02-19
USER_0299,7.02,High,91.61,0.201,381,12,40,8,4,5,2026-02-24
USER_0300,4.19,Medium,69.48,0.036,264,11,21,0,10,5,2026-03-03
USER_0301,6.8,High,87.79,0.863,283,17,26,8,13,2,2026-03-09
USER_0302,4.7,Medium,44.89,0.981,231,1,19,1,12,3,2026-02-22
USER_0303,4.95,Medium,61.46,0.244,97,3,2,2,1,2,2026-02-20
USER_0304,5.46,Medium,86.18,0.761,245,10,15,10,12,2,2026-02-20
USER_0305,9.36,Critical,49.38,0.548,498,18,13,4,1,4,2026-03-02
USER_0306,6.78,High,70.13,0.56,470,3,1,2,15,5,2026-03-12
USER_0307,6.28,High,40.64,0.682,334,5,29,3,3,5,2026-03-02
USER_0308,2.41,Low,95.78,0.948,62,19,40,1,4,3,2026-03-12
USER_0309,3.02,Low,92.41,0.844,248,16,2,4,12,2,2026-02-22
USER_0310,5.63,Medium,50.43,0.649,307,9,20,8,12,1,2026-02-27
USER_0311,6.22,High,98.91,0.016,139,15,7,8,5,2,2026-03-03
USER_0312,9.07,Critical,91.97,0.281,321,20,28,4,4,4,2026-03-09
USER_0313,1.41,Low,81.54,0.133,100,0,18,0,1,3,2026-02-23
USER_0314,3.53,Low,75.37,0.55,440,17,39,0,6,5,2026-02-25
USER_0315,4.2,Medium,81.16,0.719,157,9,33,7,11,1,2026-02-19
USER_0316,4.04,Medium,69.12,0.773,371,10,2,10,4,5,2026-02-28
USER_0317,5.23,Medium,55.3,0.384,209,11,26,9,6,1,2026-02-19
USER_0318,5.82,Medium,87.76,0.178,178,2,30,6,4,3,2026-03-04
USER_0319,7.33,High,62.89,0.228,90,5,50,1,3,3,2026-03-12
USER_0320,7.43,High,40.04,0.954,119,6,40,3,8,1,2026-02-25
USER_0321,3.88,Low,42.69,0.213,345,15,7,6,15,2,2026-03-10
USER_0322,9.51,Critical,61.58,0.381,328,10,4,1,5,2,2026-03-06
USER_0323,6.44,High,51.73,0.354,190,3,5,6,2,2,2026-03-03
USER_0324,5.46,Medium,52.95,0.771,252,18,44,3,8,3,2026-03-09
USER_0325,5.19,Medium,53.47,0.513,108,19,35,7,1,1,2026-03-03
USER_0326,2.36,Low,42.45,0.161,196,9,2,10,2,5,2026-02-23
USER_0327,3.78,Low,46.15,0.531,128,9,50,3,2,2,2026-03-12
USER_0328,9.17,Critical,88.6,0.277,85,19,32,2,10,1,2026-02-19
USER_0329,3.43,Low,72.1,0.003,399,18,31,5,8,3,2026-03-11
USER_0330,5.07,Medium,90.9,0.091,456,14,15,5,8,2,2026-02-18
USER_0331,4.12,Medium,74.68,0.65,439,18,41,9,11,4,2026-02-18
USER_0332,5.99,Medium,45.58,0.731,259,2,24,10,4,1,2026-03-05
USER_0333,2.41,Low,87.23,0.214,376,12,9,1,3,5,2026-03-12
USER_0334,1.3,Low,78.94,0.622,256,0,31,9,8,5,2026-03-08
USER_0335,6.23,High,59.38,0.198,202,5,39,7,9,5,2026-03-18
USER_0336,6.85,High,70.86,0.249,354,20,48,0,9,4,2026-02-20
USER_0337,4.65,Medium,84.66,0.596,388,16,33,7,7,2,2026-03-04
USER_0338,4.78,Medium,48.19,0.133,104,17,38,7,3,2,2026-03-14
USER_0339,8.95,Critical,93.28,0.249,494,17,9,5,12,1,2026-03-15
USER_0340,1.22,Low,41.5,0.023,323,15,34,5,0,1,2026-03-19
USER_0341,9.4,Critical,89.81,0.425,81,1,42,5,10,3,2026-02-21
USER_0342,5.68,Medium,58.32,0.846,250,9,26,4,2,5,2026-03-09
USER_0343,9.51,Critical,58.03,0.5,285,8,0,2,9,3,2026-03-03
USER_0344,1.84,Low,66.88,0.181,77,7,14,10,3,1,2026-03-17
USER_0345,6.92,High,63.22,0.059,208,4,14,9,14,4,2026-02-23
USER_0346,4.73,Medium,63.45,0.688,248,14,39,1,9,1,2026-02-24
USER_0347,2.53,Low,40.32,0.73,245,0,15,2,14,5,2026-03-02
USER_0348,8.7,Critical,83.47,0.062,331,3,42,7,5,3,2026-02-21
USER_0349,6.03,High,51.28,0.339,454,15,33,7,4,4,2026-03-20
USER_0350,5.2,Medium,45.89,0.074,68,16,50,2,5,2,2026-02-19
USER_0351,6.8,High,48.07,0.259,381,7,20,8,15,4,2026-03-19
USER_0352,6.11,High,86.49,0.856,241,13,47,4,13,1,2026-02-24
USER_0353,5.58,Medium,86.07,0.382,193,20,29,7,12,4,2026-02-26
USER_0354,1.22,Low,51.71,0.39,245,18,32,5,3,2,2026-03-10
USER_0355,6.14,High,42.11,0.067,62,9,21,1,0,5,2026-03-14
USER_0356,8.29,Critical,79.29,0.937,290,2,17,10,14,3,2026-03-18
USER_0357,8.95,Critical,84.88,0.36,391,19,46,9,10,1,2026-03-08
USER_0358,9.98,Critical,48.19,0.919,373,16,17,6,10,5,2026-03-07
USER_0359,5.24,Medium,78.35,0.221,200,19,32,5,5,4,2026-03-09
USER_0360,5.71,Medium,53.77,0.774,490,18,32,10,7,2,2026-03-17
USER_0361,1.22,Low,40.71,0.123,80,15,4,2,11,2,2026-03-02
USER_0362,9.07,Critical,44.9,0.289,115,15,25,9,2,2,2026-03-02
USER_0363,4.41,Medium,85.83,0.578,429,1,2,1,13,1,2026-02-23
USER_0364,1.22,Low,86.03,0.774,279,11,21,0,5,3,2026-03-02
USER_0365,3.22,Low,86.05,0.772,126,18,7,7,13,4,2026-03-17
USER_0366,3.06,Low,99.37,0.801,280,17,23,0,2,2,2026-03-08
USER_0367,8.22,Critical,90.4,0.865,78,6,1,10,15,3,2026-03-18
USER_0368,7.3,High,55.14,0.465,252,17,33,6,8,4,2026-03-05
USER_0369,9.15,Critical,92.97,0.914,139,11,25,9,15,2,2026-03-13
USER_0370,7.06,High,73.0,0.38,476,11,32,5,10,4,2026-03-12
USER_0371,2.18,Low,64.47,0.828,415,10,20,5,6,2,2026-02-27
USER_0372,6.23,High,64.94,0.461,182,15,13,9,13,5,2026-03-13
USER_0373,7.0,High,95.03,0.728,236,1,36,8,7,2,2026-02-23
USER_0374,7.28,High,41.11,0.239,195,16,39,7,2,2,2026-03-07
USER_0375,4.4,Medium,67.53,0.006,203,5,6,8,9,1,2026-03-08
USER_0376,3.15,Low,61.49,0.122,78,4,39,10,12,1,2026-03-08
USER_0377,2.65,Low,80.35,0.236,397,13,24,5,4,3,2026-03-05
USER_0378,3.32,Low,76.63,0.766,462,6,16,8,11,4,2026-02-28
USER_0379,3.65,Low,62.55,0.436,214,12,36,8,9,5,2026-02-21
USER_0380,4.79,Medium,43.08,0.355,493,9,27,1,4,5,2026-02-20
USER_0381,1.6,Low,86.55,0.264,348,1,20,6,6,4,2026-03-02
USER_0382,8.01,Critical,55.72,0.337,193,0,47,5,4,1,2026-02-24
USER_0383,8.04,Critical,93.28,0.766,206,3,30,0,10,4,2026-03-16
USER_0384,1.14,Low,80.27,0.489,292,15,1,7,9,4,2026-03-15
USER_0385,5.55,Medium,52.23,0.27,449,18,29,8,9,5,2026-03-06
USER_0386,8.95,Critical,56.52,0.64,113,10,8,8,5,2,2026-03-14
USER_0387,6.86,High,41.89,0.309,128,5,29,3,11,4,2026-02-19
USER_0388,9.87,Critical,52.69,0.097,86,7,16,6,15,4,2026-03-13
USER_0389,3.05,Low,59.0,0.713,179,14,7,1,4,1,2026-03-14
USER_0390,5.55,Medium,71.3,0.159,199,15,50,9,12,4,2026-02-20
USER_0391,4.83,Medium,79.23,0.833,67,4,0,10,6,4,2026-03-04
USER_0392,4.29,Medium,40.4,0.94,175,13,27,0,6,1,2026-03-02
USER_0393,1.76,Low,40.86,0.275,82,7,23,10,10,2,2026-02-19
USER_0394,9.36,Critical,64.93,0.666,192,7,19,4,10,2,2026-02-24
USER_0395,5.17,Medium,50.14,0.55,128,15,43,3,12,1,2026-03-15
USER_0396,7.8,High,68.42,0.47,492,10,36,7,2,2,2026-02-26
USER_0397,9.82,Critical,42.92,0.653,264,7,24,9,11,5,2026-02-24
USER_0398,7.06,High,62.52,0.926,275,20,48,6,12,5,2026-02-23
USER_0399,1.37,Low,85.55,0.786,463,1,23,0,14,3,2026-02-19
USER_0400,6.35,High,93.39,0.161,420,8,3,9,3,2,2026-02-20
USER_0401,8.14,Critical,95.6,0.689,92,14,11,8,8,3,2026-03-01
USER_0402,9.28,Critical,47.86,0.022,157,12,50,2,7,1,2026-03-14
USER_0403,5.9,Medium,41.84,0.796,170,16,14,4,4,1,2026-02-25
USER_0404,8.0,Critical,69.91,0.156,250,10,34,7,4,2,2026-03-11
USER_0405,7.96,High,41.19,0.03,76,9,28,1,9,3,2026-03-02
USER_0406,6.93,High,40.08,0.759,323,13,10,7,5,5,2026-03-06
USER_0407,3.02,Low,79.29,0.285,421,7,12,9,1,1,2026-03-04
USER_0408,7.06,High,61.03,0.651,400,18,39,4,4,3,2026-02-28
USER_0409,2.56,Low,50.85,0.092,162,20,29,3,14,4,2026-03-03
USER_0410,6.77,High,63.78,0.226,251,20,32,3,6,3,2026-03-15
USER_0411,7.41,High,85.08,0.585,211,3,12,3,9,5,2026-02-20
USER_0412,7.84,High,64.44,0.182,340,3,35,1,4,3,2026-02-20
USER_0413,5.34,Medium,47.55,0.854,160,2,34,8,7,4,2026-03-08
USER_0414,5.86,Medium,41.66,0.453,327,7,43,0,11,2,2026-02-23
USER_0415,1.99,Low,94.0,0.565,458,0,0,5,1,4,2026-03-15
USER_0416,6.6,High,73.53,0.759,237,14,44,7,0,1,2026-03-16
USER_0417,9.42,Critical,49.59,0.64,243,14,25,5,8,1,2026-02-20
USER_0418,5.21,Medium,87.12,0.417,288,17,40,3,7,1,2026-03-06
USER_0419,6.86,High,96.72,0.086,370,9,23,4,1,3,2026-02-25
USER_0420,4.96,Medium,47.8,0.16,379,0,4,2,4,5,2026-03-14
USER_0421,3.74,Low,61.83,0.407,56,20,19,4,3,5,2026-02-19
USER_0422,3.73,Low,71.52,0.695,174,17,7,4,8,1,2026-03-02
USER_0423,6.99,High,80.53,0.141,305,5,23,8,10,4,2026-02-26
USER_0424,7.93,High,70.21,0.196,151,2,21,7,8,3,2026-02-24
USER_0425,3.31,Low,90.04,0.052,274,16,10,3,13,1,2026-03-04
USER_0426,5.22,Medium,81.09,0.344,383,16,3,6,12,3,2026-03-20
USER_0427,1.42,Low,59.8,0.593,155,1,50,10,0,3,2026-02-26
USER_0428,1.7,Low,51.28,0.291,258,8,10,6,9,3,2026-03-18
USER_0429,2.15,Low,64.73,0.18,120,18,43,9,9,2,2026-03-02
USER_0430,8.95,Critical,85.16,0.84,374,18,44,3,12,3,2026-03-07
USER_0431,1.92,Low,47.99,0.4,162,2,45,2,2,3,2026-03-04
USER_0432,9.4,Critical,52.07,0.579,175,18,30,10,10,4,2026-03-10
USER_0433,7.18,High,87.03,0.96,134,16,18,5,0,5,2026-02-21
USER_0434,8.5,Critical,56.47,0.874,146,18,0,10,12,4,2026-03-17
USER_0435,9.02,Critical,82.2,0.684,465,18,16,6,2,3,2026-03-14
USER_0436,9.47,Critical,61.76,0.931,248,8,32,1,2,2,2026-03-18
USER_0437,4.83,Medium,62.2,0.231,269,3,19,6,7,2,2026-03-20
USER_0438,8.27,Critical,90.63,0.632,289,0,30,9,13,1,2026-02-24
USER_0439,8.1,Critical,97.57,0.499,115,20,22,7,8,4,2026-03-15
USER_0440,5.93,Medium,99.6,0.209,471,20,8,7,9,5,2026-03-07
USER_0441,8.17,Critical,62.99,0.089,239,18,15,3,7,2,2026-02-18
USER_0442,2.89,Low,73.18,0.06,281,3,28,2,4,4,2026-03-05
USER_0443,9.34,Critical,97.72,0.884,157,20,48,0,8,2,2026-02-23
USER_0444,2.43,Low,86.97,0.786,326,1,11,7,6,3,2026-02-27
USER_0445,3.84,Low,40.37,0.925,182,5,49,6,2,5,2026-03-11
USER_0446,7.62,High,50.66,0.094,371,6,39,10,1,3,2026-03-12
USER_0447,2.66,Low,69.13,0.11,465,15,44,3,11,1,2026-02-26
USER_0448,9.44,Critical,61.64,0.088,452,19,24,1,13,4,2026-02-23
USER_0449,7.12,High,99.68,0.217,130,10,18,3,13,4,2026-02-18
USER_0450,7.66,High,42.73,0.717,295,12,17,0,13,4,2026-02-20
USER_0451,5.3,Medium,84.14,0.907,195,20,38,4,7,4,2026-02-23
USER_0452,5.69,Medium,67.37,0.928,464,9,29,1,15,5,2026-03-11
USER_0453,2.69,Low,79.66,0.843,219,9,4,7,2,1,2026-03-11
USER_0454,5.68,Medium,62.94,0.75,497,9,12,6,8,5,2026-03-05
USER_0455,8.47,Critical,40.99,0.93,129,1,40,10,1,2,2026-03-07
USER_0456,4.5,Medium,86.22,0.922,489,0,33,6,11,1,2026-02-19
USER_0457,8.01,Critical,93.95,0.03,250,17,30,9,2,4,2026-03-02
USER_0458,5.32,Medium,52.16,0.61,465,12,9,10,2,4,2026-02-22
USER_0459,4.37,Medium,89.81,0.85,55,3,16,10,1,1,2026-03-13
USER_0460,8.52,Critical,59.41,0.374,277,13,32,4,11,5,2026-02-21
USER_0461,6.29,High,95.46,0.381,93,14,45,1,6,1,2026-02-22
USER_0462,7.19,High,53.98,1.0,272,17,50,4,0,5,2026-02-25
USER_0463,2.99,Low,93.55,0.602,492,9,12,2,2,1,2026-02-21
USER_0464,9.68,Critical,48.3,0.865,320,13,43,5,13,2,2026-03-19
USER_0465,4.53,Medium,76.54,0.435,249,11,5,1,14,5,2026-03-08
USER_0466,7.08,High,56.92,0.364,298,12,7,4,9,1,2026-03-09
USER_0467,1.57,Low,96.5,0.994,231,15,23,5,10,5,2026-03-16
USER_0468,4.36,Medium,61.43,0.832,425,12,7,7,0,4,2026-02-26
USER_0469,9.32,Critical,93.81,0.495,384,11,26,7,14,5,2026-02-22
USER_0470,6.67,High,51.4,0.712,229,15,45,1,3,2,2026-03-20
USER_0471,4.65,Medium,83.8,0.699,487,12,9,7,7,2,2026-03-16
USER_0472,7.35,High,52.28,0.135,384,19,2,6,1,1,2026-03-20
USER_0473,4.0,Medium,61.31,0.496,399,3,21,6,6,5,2026-03-04
USER_0474,3.8,Low,87.25,0.042,314,6,50,3,15,3,2026-03-16
USER_0475,4.54,Medium,67.71,0.791,192,3,28,0,6,1,2026-03-12
USER_0476,7.76,High,70.62,0.331,317,11,50,3,11,4,2026-03-15
USER_0477,6.1,High,97.18,0.304,293,13,49,2,7,4,2026-03-15
USER_0478,5.56,Medium,72.87,0.042,212,10,27,7,9,4,2026-03-14
USER_0479,6.28,High,46.7,0.083,263,5,28,8,15,4,2026-03-01
USER_0480,2.34,Low,44.22,0.143,248,9,0,8,6,2,2026-02-28
USER_0481,7.1,High,79.29,0.418,135,2,44,9,3,3,2026-02-20
USER_0482,3.51,Low,84.14,0.597,325,15,35,1,15,1,2026-02-18
USER_0483,8.62,Critical,68.23,0.231,342,12,27,10,15,1,2026-03-01
USER_0484,9.97,Critical,81.44,0.663,104,11,15,0,5,4,2026-03-17
USER_0485,4.84,Medium,76.54,0.934,326,4,20,8,13,3,2026-02-19
USER_0486,1.59,Low,88.2,0.172,223,6,17,4,12,4,2026-03-05
USER_0487,7.59,High,98.54,0.527,383,11,5,0,6,1,2026-03-09
USER_0488,1.86,Low,61.42,0.617,220,12,20,5,15,2,2026-03-16
USER_0489,8.66,Critical,75.1,0.471,91,13,2,10,8,5,2026-03-12
USER_0490,4.16,Medium,57.92,0.832,441,2,4,10,0,2,2026-03-09
USER_0491,3.45,Low,51.97,0.356,460,2,15,5,10,2,2026-03-01
USER_0492,2.4,Low,88.41,0.214,252,10,33,9,15,4,2026-02-23
USER_0493,2.24,Low,97.84,0.408,104,2,27,5,13,2,2026-03-20
USER_0494,6.29,High,74.36,0.24,253,10,33,1,11,4,2026-03-20
USER_0495,1.11,Low,89.71,0.021,453,9,7,5,4,4,2026-02-28
USER_0496,9.47,Critical,71.07,0.756,227,6,41,10,4,3,2026-02-28
USER_0497,5.13,Medium,97.88,0.88,334,15,19,2,7,2,2026-03-11
USER_0498,5.98,Medium,59.26,0.823,231,10,25,3,3,3,2026-03-13
USER_0499,1.23,Low,50.04,0.866,225,18,28,4,11,5,2026-03-07
USER_0500,1.12,Low,95.49,0.92,70,17,21,6,13,4,2026-03-20
USER_0501,1.08,Low,75.05,0.056,458,20,34,8,5,2,2026-02-21
USER_0502,8.09,Critical,92.55,0.832,412,14,49,10,15,3,2026-02-19
USER_0503,4.24,Medium,63.0,0.088,155,1,12,5,6,2,2026-03-17
USER_0504,9.69,Critical,81.47,0.545,461,6,27,2,1,4,2026-02-19
USER_0505,9.64,Critical,68.62,0.853,419,5,30,2,3,1,2026-03-20
USER_0506,1.68,Low,52.16,0.287,194,15,31,1,5,5,2026-02-24
USER_0507,6.94,High,89.99,0.167,126,18,2,9,11,1,2026-02-28
USER_0508,4.34,Medium,58.84,0.544,212,11,42,1,12,3,2026-03-11
USER_0509,5.77,Medium,71.24,0.856,469,10,44,6,12,3,2026-03-16
USER_0510,3.25,Low,54.55,0.111,291,12,19,10,4,4,2026-03-03
USER_0511,7.21,High,51.89,0.136,429,16,24,6,5,4,2026-03-01
USER_0512,4.22,Medium,66.55,0.288,242,2,21,3,5,1,2026-02-18
USER_0513,9.92,Critical,48.74,0.157,420,6,18,3,9,2,2026-02-21
USER_0514,1.73,Low,43.08,0.664,199,3,18,7,3,3,2026-03-12
USER_0515,9.46,Critical,54.95,0.153,120,19,43,5,6,1,2026-03-03
USER_0516,8.33,Critical,89.39,0.881,408,12,45,3,8,1,2026-02-28
USER_0517,8.59,Critical,48.92,0.419,449,4,26,4,12,5,2026-03-04
USER_0518,1.25,Low,69.3,0.328,170,15,25,6,1,1,2026-03-20
USER_0519,2.0,Low,40.57,0.477,244,12,36,8,6,4,2026-03-08
USER_0520,6.21,High,45.66,0.839,345,4,5,7,13,2,2026-03-03
USER_0521,8.94,Critical,51.73,0.837,192,2,38,2,1,1,2026-03-04
USER_0522,4.54,Medium,85.29,0.839,485,16,20,8,5,1,2026-03-10
USER_0523,5.49,Medium,93.06,0.725,226,0,31,4,14,1,2026-02-26
USER_0524,6.45,High,61.34,0.955,428,4,29,10,4,4,2026-03-15
USER_0525,9.11,Critical,53.25,0.025,313,15,6,5,5,1,2026-03-13
USER_0526,9.38,Critical,45.96,0.496,234,1,18,5,3,2,2026-03-16
USER_0527,1.68,Low,96.26,0.424,366,17,20,4,1,5,2026-03-03
USER_0528,2.42,Low,94.34,0.687,497,20,1,7,1,5,2026-03-06
USER_0529,4.47,Medium,73.91,0.839,341,19,20,2,2,1,2026-03-08
USER_0530,1.01,Low,81.96,0.399,343,4,7,1,1,5,2026-03-14
USER_0531,1.7,Low,47.01,0.781,396,13,29,8,8,2,2026-02-18
USER_0532,3.46,Low,70.19,0.253,294,10,3,10,8,3,2026-03-18
USER_0533,2.72,Low,85.47,0.326,480,20,40,6,10,4,2026-02-24
USER_0534,7.87,High,49.54,0.941,266,20,49,0,0,5,2026-02-21
USER_0535,2.44,Low,99.47,0.756,290,4,43,3,14,2,2026-02-21
USER_0536,9.11,Critical,52.32,0.408,140,14,46,0,13,3,2026-02-21
USER_0537,1.58,Low,79.8,0.89,234,6,3,8,10,1,2026-03-11
USER_0538,9.02,Critical,74.87,0.005,425,6,36,6,9,3,2026-02-19
USER_0539,3.41,Low,84.09,0.188,144,7,50,5,4,4,2026-03-12
USER_0540,2.72,Low,66.91,0.43,310,6,45,2,7,4,2026-03-20
USER_0541,5.63,Medium,70.58,0.589,399,5,38,4,12,4,2026-03-03
USER_0542,9.76,Critical,69.15,0.582,149,8,28,3,14,5,2026-02-27
USER_0543,6.57,High,98.47,0.945,465,10,47,0,9,1,2026-03-01
USER_0544,5.65,Medium,55.89,0.095,343,13,3,2,10,3,2026-03-03
USER_0545,4.06,Medium,95.4,0.768,376,2,28,8,9,2,2026-03-05
USER_0546,4.57,Medium,59.99,0.935,468,11,8,8,2,2,2026-03-18
USER_0547,3.66,Low,68.78,0.261,147,9,39,7,15,5,2026-03-03
USER_0548,3.79,Low,40.25,0.097,109,1,6,10,14,1,2026-03-19
USER_0549,6.12,High,87.1,0.875,137,12,7,3,3,2,2026-02-18
USER_0550,2.42,Low,66.19,0.281,194,10,16,1,2,3,2026-03-16
USER_0551,6.86,High,68.35,0.122,317,1,49,5,4,5,2026-03-01
USER_0552,3.92,Low,51.19,0.377,411,15,31,7,1,5,2026-03-12
USER_0553,5.58,Medium,72.12,0.351,134,7,34,9,2,3,2026-02-21
USER_0554,7.95,High,74.26,0.74,373,1,19,2,14,1,2026-03-06
USER_0555,7.76,High,41.79,0.263,322,8,43,2,5,3,2026-02-24
USER_0556,5.95,Medium,97.85,0.841,119,7,18,9,15,1,2026-02-24
USER_0557,1.26,Low,58.95,0.345,99,7,28,2,1,4,2026-02-18
USER_0558,7.91,High,45.61,0.469,386,2,50,10,9,1,2026-03-06
USER_0559,3.75,Low,97.74,0.158,389,8,4,5,0,1,2026-03-11
USER_0560,7.28,High,45.4,0.093,188,19,2,1,11,3,2026-03-09
USER_0561,3.37,Low,55.14,0.297,380,12,20,2,0,2,2026-03-11
USER_0562,1.83,Low,82.76,0.004,220,10,9,9,0,2,2026-03-02
USER_0563,2.99,Low,47.8,0.753,105,10,38,0,7,2,2026-03-02
USER_0564,7.31,High,65.04,0.82,236,1,2,1,14,2,2026-03-05
USER_0565,4.14,Medium,65.1,0.68,250,5,14,7,3,1,2026-02-27
USER_0566,9.73,Critical,82.41,0.415,228,9,3,9,15,2,2026-03-13
USER_0567,9.93,Critical,73.78,0.945,77,3,48,0,10,4,2026-02-26
USER_0568,9.5,Critical,53.31,0.933,113,5,30,4,4,5,2026-03-07
USER_0569,3.23,Low,42.95,0.65,220,10,32,5,13,1,2026-03-14
USER_0570,8.47,Critical,68.62,0.722,323,20,30,8,3,1,2026-02-21
USER_0571,4.07,Medium,85.97,0.824,382,6,2,7,14,3,2026-03-04
USER_0572,7.27,High,94.98,0.622,443,13,49,7,9,3,2026-03-01
USER_0573,4.0,Medium,48.12,0.133,339,20,20,7,15,2,2026-02-21
USER_0574,7.81,High,85.2,0.667,163,17,9,6,8,4,2026-03-17
USER_0575,9.33,Critical,85.52,0.904,68,6,19,9,5,5,2026-03-02
USER_0576,7.35,High,76.52,0.649,277,2,15,2,15,4,2026-02-22
USER_0577,5.42,Medium,67.82,0.838,375,11,42,6,6,5,2026-02-26
USER_0578,3.36,Low,94.57,0.388,419,15,31,7,9,4,2026-03-16
USER_0579,6.94,High,47.26,0.623,186,15,26,10,7,1,2026-02-27
USER_0580,7.49,High,73.34,0.442,71,13,41,8,7,1,2026-03-13
USER_0581,2.2,Low,85.45,0.189,282,18,34,10,14,5,2026-03-20
USER_0582,1.78,Low,86.46,0.604,378,4,11,10,15,2,2026-02-25
USER_0583,6.34,High,88.47,0.602,438,17,38,3,12,3,2026-03-14
USER_0584,6.79,High,96.83,0.562,376,10,40,8,15,4,2026-02-21
USER_0585,7.98,High,79.62,0.353,414,20,5,4,9,4,2026-03-04
USER_0586,10.0,Critical,41.9,0.676,154,17,33,10,7,1,2026-03-13
USER_0587,2.21,Low,61.39,0.857,442,3,15,2,13,4,2026-03-13
USER_0588,4.17,Medium,51.85,0.097,248,19,13,2,8,3,2026-03-11
USER_0589,6.31,High,56.24,0.135,84,12,41,7,2,5,2026-02-27
USER_0590,9.82,Critical,97.06,0.754,85,3,15,6,0,3,2026-03-09
USER_0591,7.65,High,79.8,0.623,215,18,45,3,3,4,2026-03-02
USER_0592,9.46,Critical,62.94,0.238,215,14,48,5,5,1,2026-02-19
USER_0593,6.33,High,57.71,0.878,310,15,27,3,13,4,2026-02-22
USER_0594,6.73,High,82.62,0.444,287,3,19,4,10,1,2026-03-18
USER_0595,5.27,Medium,97.57,0.917,88,15,0,2,12,1,2026-02-27
USER_0596,9.29,Critical,62.11,0.877,328,16,0,9,3,4,2026-03-04
USER_0597,4.02,Medium,63.33,0.803,193,2,46,8,2,4,2026-03-06
USER_0598,8.91,Critical,80.7,0.621,388,15,37,10,14,5,2026-03-05
USER_0599,3.78,Low,97.28,0.149,67,8,39,6,14,3,2026-02-24
USER_0600,2.09,Low,65.09,0.365,196,13,12,0,11,4,2026-02-24
USER_0601,5.74,Medium,62.16,0.619,331,20,45,1,2,2,2026-02-25
USER_0602,2.36,Low,72.66,0.012,412,0,26,10,2,2,2026-03-11
USER_0603,7.34,High,73.18,0.127,357,1,17,0,9,1,2026-03-04
USER_0604,4.61,Medium,68.51,0.308,491,12,14,3,8,2,2026-03-07
USER_0605,1.03,Low,72.39,0.596,230,0,42,8,5,2,2026-03-17
USER_0606,1.45,Low,63.51,0.484,176,7,11,1,3,1,2026-02-21
USER_0607,3.59,Low,46.14,0.881,482,9,50,4,12,1,2026-03-08
USER_0608,6.39,High,95.19,0.876,470,11,12,3,13,1,2026-03-04
USER_0609,2.88,Low,55.0,0.625,422,1,40,5,10,3,2026-03-04
USER_0610,9.98,Critical,76.72,0.153,197,3,42,6,7,5,2026-03-19
USER_0611,8.09,Critical,72.08,0.782,465,4,7,8,11,2,2026-03-09
USER_0612,2.5,Low,85.79,0.736,201,5,6,7,14,1,2026-03-02
USER_0613,1.82,Low,45.81,0.841,470,4,3,2,1,5,2026-03-08
USER_0614,1.57,Low,77.68,0.516,229,13,8,0,9,1,2026-03-09
USER_0615,2.2,Low,80.38,0.951,380,11,21,9,2,2,2026-03-13
USER_0616,1.48,Low,89.96,0.434,306,15,36,1,15,2,2026-03-09
USER_0617,3.94,Low,62.82,0.234,124,14,45,2,13,3,2026-03-12
USER_0618,3.13,Low,62.85,0.068,443,15,7,2,5,3,2026-02-27
USER_0619,5.68,Medium,78.82,0.231,236,17,37,1,14,2,2026-03-07
USER_0620,7.46,High,85.34,0.683,130,11,46,6,10,4,2026-03-10
USER_0621,4.79,Medium,86.73,0.493,265,18,48,4,9,2,2026-02-25
USER_0622,8.9,Critical,43.32,0.099,321,16,41,7,4,4,2026-03-17
USER_0623,4.75,Medium,90.7,0.831,470,8,34,8,15,5,2026-03-20
USER_0624,7.2,High,48.11,0.437,242,14,16,2,3,1,2026-02-27
USER_0625,5.43,Medium,46.61,0.231,53,11,10,10,14,2,2026-03-01
USER_0626,1.98,Low,76.23,0.844,231,11,8,2,10,2,2026-03-14
USER_0627,3.66,Low,89.02,0.023,139,8,31,2,13,3,2026-03-09
USER_0628,2.25,Low,93.91,0.079,413,15,20,1,4,2,2026-03-08
USER_0629,3.81,Low,88.76,0.877,478,2,22,2,5,2,2026-02-23
USER_0630,4.37,Medium,93.53,0.587,336,7,46,5,10,4,2026-03-03
USER_0631,2.74,Low,91.04,0.247,345,11,43,4,11,4,2026-02-23
USER_0632,7.72,High,83.05,0.341,169,14,27,4,8,3,2026-03-15
USER_0633,3.4,Low,89.27,0.141,190,1,43,8,2,1,2026-03-15
USER_0634,8.34,Critical,78.61,0.552,100,16,43,0,13,3,2026-03-07
USER_0635,9.36,Critical,56.27,0.311,370,13,37,8,6,4,2026-02-18
USER_0636,3.62,Low,48.34,0.056,471,0,41,1,0,4,2026-02-21
USER_0637,1.15,Low,75.29,0.014,473,11,8,7,5,5,2026-03-16
USER_0638,1.27,Low,40.34,0.643,348,10,38,7,10,1,2026-03-11
USER_0639,3.91,Low,70.25,0.041,420,5,18,3,10,1,2026-02-21
USER_0640,6.27,High,63.33,0.771,443,15,9,3,13,4,2026-03-07
USER_0641,8.39,Critical,46.15,0.265,235,18,40,4,11,1,2026-03-16
USER_0642,5.59,Medium,85.79,0.391,235,11,19,7,12,2,2026-03-14
USER_0643,2.74,Low,88.13,0.478,275,5,22,1,1,5,2026-02-24
USER_0644,8.17,Critical,89.11,0.487,267,13,33,9,11,5,2026-03-03
USER_0645,5.97,Medium,85.39,0.937,341,13,18,1,7,4,2026-03-15
USER_0646,5.36,Medium,49.41,0.383,105,15,20,10,8,1,2026-02-24
USER_0647,4.33,Medium,69.22,0.578,347,15,3,8,5,4,2026-02-26
USER_0648,6.5,High,98.86,0.792,167,0,9,10,12,1,2026-02-18
USER_0649,4.06,Medium,70.05,0.446,126,0,29,6,0,1,2026-03-10
USER_0650,7.34,High,75.13,0.869,182,7,29,0,3,1,2026-03-06
USER_0651,6.41,High,63.8,0.693,143,0,40,3,0,1,2026-03-13
USER_0652,1.33,Low,74.12,0.592,129,13,35,7,13,1,2026-02-27
USER_0653,9.6,Critical,59.42,0.79,346,1,24,4,7,5,2026-03-01
USER_0654,3.64,Low,67.66,0.071,274,16,3,10,5,1,2026-03-11
USER_0655,7.0,High,76.82,0.534,280,15,8,9,2,2,2026-03-01
USER_0656,6.32,High,54.16,0.671,72,10,16,4,10,4,2026-03-19
USER_0657,7.71,High,89.97,0.024,458,12,40,9,15,1,2026-02-22
USER_0658,9.17,Critical,78.28,0.114,337,13,39,5,15,1,2026-03-06
USER_0659,9.23,Critical,69.88,0.676,98,7,48,1,8,4,2026-03-04
USER_0660,7.48,High,43.59,0.939,350,1,34,8,10,3,2026-03-18
USER_0661,3.85,Low,73.09,0.459,438,20,38,7,6,3,2026-03-18
USER_0662,7.3,High,88.8,0.481,391,15,0,4,13,5,2026-02-18
USER_0663,7.77,High,72.61,0.574,373,16,30,9,12,3,2026-03-13
USER_0664,5.88,Medium,71.25,0.397,257,13,16,4,13,5,2026-03-19
USER_0665,5.17,Medium,63.47,0.688,459,4,6,1,13,5,2026-03-15
USER_0666,2.58,Low,94.36,0.871,267,3,36,0,12,1,2026-03-12
USER_0667,1.76,Low,85.97,0.45,462,14,38,0,14,4,2026-02-19
USER_0668,7.76,High,55.98,0.066,290,12,46,6,7,1,2026-03-13
USER_0669,1.71,Low,53.17,0.491,283,18,0,3,7,3,2026-02-21
USER_0670,3.18,Low,99.53,0.529,59,14,17,7,7,2,2026-03-19
USER_0671,4.74,Medium,56.04,0.796,204,1,40,9,12,4,2026-02-26
USER_0672,2.35,Low,68.43,0.542,258,1,8,2,1,3,2026-03-17
USER_0673,9.14,Critical,49.35,0.248,193,11,30,1,9,3,2026-03-01
USER_0674,3.54,Low,64.56,0.963,191,4,10,0,1,4,2026-02-19
USER_0675,7.77,High,99.84,0.12,130,1,29,6,8,2,2026-02-20
USER_0676,9.07,Critical,53.06,0.866,210,6,15,5,5,1,2026-03-19
USER_0677,1.02,Low,94.85,0.51,109,13,28,1,7,2,2026-03-15
USER_0678,2.62,Low,45.36,0.951,493,16,37,10,12,2,2026-02-21
USER_0679,6.85,High,95.13,0.454,257,2,3,10,7,5,2026-02-18
USER_0680,5.43,Medium,85.66,0.095,365,8,18,1,2,5,2026-02-21
USER_0681,2.38,Low,84.16,0.247,296,7,49,8,11,2,2026-02-25
USER_0682,6.37,High,43.0,0.659,393,8,38,0,3,2,2026-03-06
USER_0683,9.9,Critical,42.74,0.154,162,6,15,7,14,3,2026-03-20
USER_0684,3.52,Low,57.32,0.265,81,12,9,6,12,1,2026-03-10
USER_0685,5.93,Medium,91.56,0.405,335,7,49,10,14,1,2026-03-16
USER_0686,7.65,High,51.52,0.088,354,14,9,2,11,4,2026-03-14
USER_0687,4.77,Medium,88.58,0.622,427,13,29,10,13,2,2026-03-02
USER_0688,4.9,Medium,45.08,0.574,93,13,3,8,8,3,2026-03-02
USER_0689,7.02,High,65.85,0.39,75,16,12,7,14,4,2026-02-25
USER_0690,9.91,Critical,40.3,0.236,271,1,38,7,4,2,2026-03-19
USER_0691,1.17,Low,71.83,0.542,225,13,6,6,15,4,2026-03-17
USER_0692,5.83,Medium,50.7,0.291,160,0,6,6,0,1,2026-03-04
USER_0693,3.34,Low,87.78,0.319,215,10,2,9,3,2,2026-03-19
USER_0694,2.38,Low,42.08,0.474,421,20,25,7,15,2,2026-02-27
USER_0695,3.8,Low,52.47,0.802,485,13,28,8,5,2,2026-03-01
USER_0696,8.53,Critical,99.07,0.299,119,13,1,9,10,5,2026-03-05
USER_0697,2.15,Low,60.42,0.304,455,11,14,6,2,5,2026-02-22
USER_0698,3.13,Low,51.72,0.808,221,19,50,3,8,4,2026-03-12
USER_0699,9.08,Critical,92.91,0.956,214,17,10,4,13,3,2026-03-16
USER_0700,3.6,Low,85.27,0.72,186,12,35,8,5,5,2026-03-16
USER_0701,9.73,Critical,48.22,0.29,147,2,15,10,9,5,2026-03-16
USER_0702,2.03,Low,70.29,0.906,386,20,21,2,15,1,2026-03-05
USER_0703,2.71,Low,91.46,0.524,296,4,0,10,4,1,2026-02-20
USER_0704,2.25,Low,49.64,0.693,289,9,41,7,8,1,2026-03-15
USER_0705,9.25,Critical,79.31,0.709,204,12,40,1,11,2,2026-03-07
USER_0706,7.22,High,62.38,0.103,382,15,4,2,10,4,2026-03-15
USER_0707,4.85,Medium,58.63,0.816,405,11,18,2,4,3,2026-03-11
USER_0708,5.31,Medium,43.63,0.993,253,0,16,8,9,1,2026-03-10
USER_0709,6.74,High,60.87,0.362,216,4,39,8,12,1,2026-03-12
USER_0710,7.46,High,73.54,0.42,285,14,39,1,15,1,2026-02-27
USER_0711,6.82,High,58.41,1.0,440,16,21,9,3,5,2026-03-10
USER_0712,8.22,Critical,48.15,0.568,221,6,23,7,5,5,2026-02-18
USER_0713,3.78,Low,82.74,0.988,201,2,20,10,2,1,2026-03-17
USER_0714,6.96,High,77.53,0.952,166,9,16,7,11,2,2026-02-24
USER_0715,5.24,Medium,80.3,0.04,268,18,9,1,12,3,2026-03-12
USER_0716,5.97,Medium,67.66,0.879,473,8,17,1,9,2,2026-02-21
USER_0717,7.98,High,42.71,0.385,275,7,45,10,10,2,2026-03-02
USER_0718,4.82,Medium,82.44,0.266,488,2,12,5,2,2,2026-03-03
USER_0719,9.55,Critical,55.63,0.843,393,13,12,3,7,4,2026-02-22
USER_0720,9.95,Critical,66.2,0.696,168,14,42,1,10,5,2026-03-06
USER_0721,2.2,Low,91.55,0.87,391,9,25,3,1,3,2026-03-09
USER_0722,7.08,High,49.32,0.608,65,10,18,10,11,2,2026-02-25
USER_0723,8.67,Critical,84.0,0.687,127,14,42,0,13,5,2026-02-28
USER_0724,3.18,Low,81.8,0.469,374,12,13,10,15,3,2026-02-27
USER_0725,7.66,High,85.61,0.598,196,14,45,0,8,4,2026-02-23
USER_0726,1.54,Low,76.32,0.399,158,1,35,8,7,1,2026-03-20
USER_0727,9.68,Critical,75.93,0.549,364,3,13,9,4,4,2026-03-18
USER_0728,1.13,Low,89.33,0.894,486,16,42,3,15,4,2026-02-18
USER_0729,4.4,Medium,81.82,0.038,337,7,35,7,8,4,2026-03-04
USER_0730,5.93,Medium,62.97,0.513,210,14,13,9,5,1,2026-02-28
USER_0731,1.32,Low,65.74,0.203,370,2,18,8,1,3,2026-03-14
USER_0732,8.16,Critical,71.21,0.845,383,13,35,7,6,1,2026-02-20
USER_0733,8.83,Critical,44.41,0.164,155,4,16,1,7,1,2026-03-18
USER_0734,3.54,Low,50.84,0.81,463,6,25,5,3,2,2026-03-04
USER_0735,2.75,Low,87.09,0.594,106,7,29,0,0,5,2026-03-18
USER_0736,3.11,Low,81.08,0.433,396,13,15,6,3,1,2026-03-02
USER_0737,9.76,Critical,44.04,0.878,410,13,21,9,15,5,2026-02-27
USER_0738,6.85,High,50.32,0.532,116,7,16,9,11,5,2026-03-05
USER_0739,7.55,High,64.61,0.789,409,1,41,0,15,5,2026-02-20
USER_0740,7.68,High,71.12,0.061,80,5,24,9,15,3,2026-03-01
USER_0741,1.39,Low,61.65,0.175,125,2,20,6,11,4,2026-02-24
USER_0742,2.99,Low,66.92,0.919,298,4,45,8,14,5,2026-03-11
USER_0743,9.93,Critical,55.24,0.098,202,16,29,10,10,1,2026-02-21
USER_0744,5.57,Medium,78.68,0.811,198,16,27,2,12,4,2026-02-23
USER_0745,1.9,Low,90.84,0.796,286,3,42,3,6,2,2026-02-18
USER_0746,3.23,Low,50.76,0.002,384,8,42,8,15,4,2026-03-05
USER_0747,5.4,Medium,62.88,0.0,153,13,39,9,2,1,2026-02-22
USER_0748,5.91,Medium,83.77,0.722,239,13,46,4,12,3,2026-03-13
USER_0749,2.07,Low,82.79,0.223,180,10,15,8,13,2,2026-03-09
USER_0750,6.58,High,76.88,0.957,168,15,41,1,0,1,2026-03-09
USER_0751,4.71,Medium,53.47,0.421,279,18,47,1,0,1,2026-03-15
USER_0752,1.87,Low,67.19,0.554,472,16,26,9,3,4,2026-02-21
USER_0753,6.75,High,92.58,0.073,307,13,28,2,11,2,2026-02-19
USER_0754,2.31,Low,79.84,0.28,361,0,43,4,11,4,2026-02-21
USER_0755,5.43,Medium,73.94,0.669,337,0,6,4,6,4,2026-02-25
USER_0756,5.92,Medium,73.22,0.1,296,13,36,7,3,5,2026-03-20
USER_0757,1.35,Low,82.56,0.448,60,2,33,5,12,3,2026-02-23
USER_0758,8.9,Critical,58.35,0.523,153,1,50,8,5,1,2026-02-25
USER_0759,7.84,High,86.86,0.516,142,4,44,9,1,1,2026-02-22
USER_0760,9.68,Critical,72.01,0.328,169,14,17,6,14,1,2026-03-10
USER_0761,3.84,Low,74.37,0.477,389,5,31,7,4,4,2026-03-15
USER_0762,6.21,High,56.54,0.799,222,17,24,9,12,5,2026-03-07
USER_0763,8.52,Critical,78.37,0.447,74,0,37,3,3,5,2026-02-18
USER_0764,7.66,High,75.12,0.967,131,7,14,0,1,3,2026-03-17
USER_0765,2.5,Low,68.67,0.943,137,1,3,7,5,4,2026-03-17
USER_0766,7.72,High,99.48,0.334,73,9,7,9,13,1,2026-03-02
USER_0767,4.9,Medium,45.17,0.15,87,2,11,1,2,1,2026-03-06
USER_0768,1.41,Low,52.46,0.538,303,1,39,1,9,2,2026-03-08
USER_0769,4.13,Medium,60.86,0.289,166,13,11,4,6,3,2026-03-10
USER_0770,6.82,High,75.88,0.461,71,8,19,9,4,1,2026-03-06
USER_0771,3.94,Low,45.32,0.63,76,17,8,0,2,5,2026-03-19
USER_0772,1.29,Low,93.97,0.75,273,16,7,1,2,2,2026-03-09
USER_0773,2.92,Low,71.21,0.806,401,2,40,6,5,5,2026-03-14
USER_0774,6.32,High,79.43,0.758,111,15,32,9,2,2,2026-03-10
USER_0775,5.64,Medium,60.41,0.452,468,16,26,2,9,3,2026-03-08
USER_0776,1.34,Low,69.82,0.776,200,4,45,3,9,3,2026-03-02
USER_0777,1.87,Low,94.04,0.424,306,19,32,2,8,4,2026-03-05
USER_0778,6.07,High,53.05,0.528,88,2,35,2,14,4,2026-03-03
USER_0779,5.1,Medium,44.46,0.624,456,12,12,6,4,2,2026-03-04
USER_0780,6.18,High,69.4,0.088,489,1,35,0,6,1,2026-03-02
USER_0781,9.91,Critical,73.63,0.847,134,18,10,9,2,5,2026-02-25
USER_0782,6.82,High,60.42,0.159,471,12,34,3,3,1,2026-02-21
USER_0783,3.63,Low,48.38,0.087,120,7,34,3,0,1,2026-02-23
USER_0784,9.99,Critical,71.77,0.348,131,11,44,1,7,1,2026-03-18
USER_0785,4.55,Medium,99.57,0.374,434,20,28,2,1,5,2026-02-27
USER_0786,2.07,Low,45.26,0.064,70,1,17,6,6,4,2026-02-27
USER_0787,5.16,Medium,69.21,0.521,108,17,8,8,7,2,2026-03-08
USER_0788,1.06,Low,68.24,0.57,437,17,45,3,4,5,2026-02-28
USER_0789,5.74,Medium,47.62,0.639,326,14,38,0,10,3,2026-02-25
USER_0790,2.45,Low,89.3,0.815,216,2,44,3,7,1,2026-02-21
USER_0791,7.27,High,64.91,0.686,206,18,17,8,13,1,2026-03-18
USER_0792,9.4,Critical,55.9,0.515,161,19,13,2,9,3,2026-03-16
USER_0793,3.04,Low,54.6,0.974,72,7,24,10,11,4,2026-02-23
USER_0794,9.64,Critical,46.54,0.249,167,2,32,0,6,5,2026-03-05
USER_0795,4.2,Medium,59.83,0.977,139,17,1,10,12,1,2026-03-03
USER_0796,7.5,High,82.64,0.967,104,9,22,1,13,2,2026-03-07
USER_0797,7.01,High,56.76,0.988,451,11,8,7,8,4,2026-03-02
USER_0798,6.94,High,53.1,0.276,210,4,13,1,13,2,2026-02-26
USER_0799,9.09,Critical,98.4,0.528,494,19,42,7,11,2,2026-03-09
USER_0800,1.47,Low,63.94,0.107,200,9,3,8,0,2,2026-03-13
USER_0801,5.1,Medium,80.65,0.842,488,7,31,9,7,3,2026-03-07
USER_0802,3.6,Low,68.43,0.688,162,6,40,1,12,5,2026-02-19
USER_0803,7.16,High,99.04,0.806,284,12,49,7,5,4,2026-03-03
USER_0804,5.43,Medium,61.51,0.352,330,4,2,6,9,5,2026-03-10
USER_0805,8.82,Critical,51.89,0.285,215,0,48,10,1,4,2026-03-16
USER_0806,3.36,Low,76.91,0.898,226,3,19,6,1,3,2026-03-08
USER_0807,2.22,Low,69.49,0.062,259,13,28,2,12,4,2026-03-14
USER_0808,3.95,Low,73.46,0.826,491,17,26,8,12,2,2026-02-18
USER_0809,7.51,High,91.85,0.672,407,19,27,3,11,5,2026-03-03
USER_0810,9.47,Critical,62.2,0.776,452,0,50,0,7,5,2026-02-21
USER_0811,2.94,Low,49.48,0.079,176,2,3,6,3,3,2026-03-12
USER_0812,2.32,Low,65.67,0.856,464,9,45,1,6,4,2026-03-01
USER_0813,8.77,Critical,60.42,0.71,341,3,43,10,1,3,2026-02-23
USER_0814,4.65,Medium,75.28,0.453,171,9,3,1,9,2,2026-03-09
USER_0815,9.31,Critical,71.52,0.203,50,2,11,2,5,1,2026-02-22
USER_0816,9.42,Critical,51.13,0.337,375,11,19,7,3,4,2026-03-18
USER_0817,8.84,Critical,90.13,0.586,468,19,6,8,10,1,2026-03-03
USER_0818,7.41,High,50.64,0.326,470,3,3,6,10,3,2026-03-10
USER_0819,6.88,High,40.56,0.205,134,14,17,10,11,5,2026-03-08
USER_0820,8.81,Critical,93.3,0.361,324,1,34,6,6,2,2026-03-06
USER_0821,9.87,Critical,65.91,0.419,454,12,24,3,5,5,2026-02-24
USER_0822,6.14,High,80.33,0.712,114,15,50,3,7,1,2026-03-09
USER_0823,5.29,Medium,87.76,0.977,133,12,10,1,14,1,2026-02-18
USER_0824,9.59,Critical,47.02,0.333,248,2,48,4,7,3,2026-03-14
USER_0825,7.54,High,76.99,0.603,97,2,36,0,1,3,2026-03-02
USER_0826,1.11,Low,56.69,0.801,312,15,5,8,12,1,2026-02-25
USER_0827,9.53,Critical,75.63,0.218,320,15,16,2,15,3,2026-03-06
USER_0828,8.73,Critical,96.47,0.812,331,4,50,5,0,5,2026-03-04
USER_0829,1.98,Low,44.61,0.36,315,14,15,2,5,4,2026-02-27
USER_0830,5.45,Medium,78.93,0.57,50,8,5,0,12,2,2026-02-19
USER_0831,1.1,Low,79.35,0.171,413,3,40,9,11,1,2026-02-28
USER_0832,4.29,Medium,80.3,0.403,230,10,1,9,10,5,2026-03-08
USER_0833,4.3,Medium,51.64,0.755,380,12,19,2,1,1,2026-03-17
USER_0834,9.19,Critical,91.11,0.492,476,13,16,7,7,1,2026-03-14
USER_0835,8.1,Critical,41.42,0.902,310,12,35,7,10,2,2026-03-12
USER_0836,6.31,High,50.23,0.478,364,9,40,5,4,3,2026-03-03
USER_0837,4.34,Medium,54.08,0.563,155,7,17,6,9,1,2026-02-26
USER_0838,7.13,High,80.6,0.937,483,5,26,0,4,1,2026-03-11
USER_0839,2.84,Low,66.18,0.783,383,6,42,1,0,5,2026-03-14
USER_0840,7.09,High,76.34,0.556,466,10,21,9,10,2,2026-03-07
USER_0841,4.62,Medium,98.25,0.092,467,12,24,1,15,2,2026-02-24
USER_0842,4.47,Medium,62.52,0.948,184,4,12,1,4,2,2026-03-09
USER_0843,5.68,Medium,67.27,0.775,228,4,47,3,2,2,2026-03-09
USER_0844,6.53,High,59.31,0.26,373,6,43,8,3,1,2026-03-20
USER_0845,5.98,Medium,52.94,0.643,108,18,42,5,13,1,2026-02-18
USER_0846,4.6,Medium,75.27,0.748,160,11,28,0,9,1,2026-03-06
USER_0847,2.87,Low,61.23,0.851,119,7,42,1,15,4,2026-03-01
USER_0848,2.39,Low,60.12,0.629,335,15,18,8,11,5,2026-02-22
USER_0849,3.0,Low,61.31,0.545,142,16,45,3,1,4,2026-03-17
USER_0850,6.47,High,83.61,0.247,80,11,48,8,5,1,2026-02-27
USER_0851,6.63,High,65.95,0.715,172,10,43,3,14,3,2026-02-27
USER_0852,4.68,Medium,48.94,0.532,337,1,47,0,1,5,2026-03-16
USER_0853,6.29,High,66.04,0.874,413,12,26,3,3,2,2026-03-01
USER_0854,3.0,Low,50.03,0.75,128,13,11,3,9,4,2026-02-24
USER_0855,2.89,Low,81.74,0.955,336,20,7,2,15,4,2026-02-23
USER_0856,8.88,Critical,43.25,0.737,180,16,30,6,15,1,2026-02-22
USER_0857,6.3,High,43.91,0.921,292,7,39,8,8,4,2026-02-25
USER_0858,9.48,Critical,51.75,0.53,321,11,8,2,15,2,2026-03-16
USER_0859,7.08,High,40.2,0.434,135,19,25,5,0,3,2026-02-22
USER_0860,4.79,Medium,66.65,0.159,148,1,3,10,7,2,2026-03-03
USER_0861,3.98,Low,53.11,0.51,425,15,41,4,8,5,2026-02-20
USER_0862,4.3,Medium,77.64,0.028,80,15,7,4,7,1,2026-03-09
USER_0863,6.89,High,74.9,0.456,146,19,46,7,6,1,2026-03-02
USER_0864,7.03,High,88.17,0.086,261,5,49,0,4,3,2026-03-08
USER_0865,5.76,Medium,61.51,0.512,131,8,39,3,6,1,2026-03-02
USER_0866,7.05,High,50.41,0.529,139,11,17,4,8,1,2026-03-02
USER_0867,1.18,Low,88.21,0.181,467,15,37,8,7,1,2026-03-05
USER_0868,9.44,Critical,77.37,0.488,100,0,38,2,15,1,2026-02-19
USER_0869,4.31,Medium,53.5,0.932,307,20,30,0,4,3,2026-03-04
USER_0870,3.49,Low,59.25,0.023,286,8,21,8,11,2,2026-02-18
USER_0871,3.26,Low,98.04,0.983,163,10,7,1,5,3,2026-03-16
USER_0872,5.37,Medium,86.3,0.344,208,12,30,5,12,3,2026-03-17
USER_0873,6.24,High,91.87,0.057,386,5,44,4,5,4,2026-03-11
USER_0874,9.23,Critical,85.45,0.04,94,7,19,6,7,3,2026-03-06
USER_0875,8.79,Critical,63.92,0.031,226,3,40,0,15,1,2026-02-25
USER_0876,4.78,Medium,48.41,0.237,453,10,18,3,11,1,2026-03-04
USER_0877,1.21,Low,73.71,0.621,430,7,42,5,11,5,2026-02-24
USER_0878,3.74,Low,60.75,0.393,85,3,36,7,4,4,2026-03-13
USER_0879,1.65,Low,69.17,0.266,447,15,41,10,15,4,2026-02-20
USER_0880,1.84,Low,46.09,0.02,144,14,5,6,14,4,2026-03-18
USER_0881,9.21,Critical,94.73,0.867,91,6,45,10,9,5,2026-03-15
USER_0882,3.75,Low,52.02,0.083,189,5,37,4,1,5,2026-02-23
USER_0883,6.76,High,68.55,0.95,479,0,2,7,3,4,2026-03-14
USER_0884,7.41,High,87.49,0.585,336,2,22,2,11,4,2026-02-21
USER_0885,6.39,High,51.41,0.618,136,14,38,0,8,4,2026-03-16
USER_0886,7.0,High,46.88,0.565,209,15,5,8,14,2,2026-02-27
USER_0887,3.02,Low,75.19,0.363,115,0,42,7,2,1,2026-03-19
USER_0888,7.01,High,79.99,0.248,337,3,15,7,3,1,2026-03-13
USER_0889,7.3,High,44.8,0.534,460,2,2,7,5,2,2026-02-18
USER_0890,9.49,Critical,99.72,0.152,346,14,21,5,14,5,2026-03-15
USER_0891,4.71,Medium,79.28,0.445,268,11,11,5,8,1,2026-03-13
USER_0892,2.49,Low,83.07,0.93,337,19,40,3,6,2,2026-03-04
USER_0893,5.54,Medium,52.1,0.672,412,16,15,4,3,2,2026-03-16
USER_0894,5.56,Medium,69.27,0.1,111,18,22,3,3,2,2026-03-06
USER_0895,5.12,Medium,81.9,0.111,456,1,28,1,2,3,2026-03-16
USER_0896,6.07,High,90.91,0.786,311,20,30,3,10,5,2026-03-06
USER_0897,2.82,Low,84.71,0.181,107,8,40,7,10,3,2026-03-12
USER_0898,5.56,Medium,48.96,0.997,274,15,15,2,11,1,2026-02-22
USER_0899,5.55,Medium,46.71,0.223,282,10,6,7,4,1,2026-03-20
USER_0900,2.08,Low,41.07,0.466,329,6,39,7,2,2,2026-02-27
USER_0901,8.18,Critical,86.03,0.21,237,1,16,5,0,4,2026-03-19
USER_0902,4.46,Medium,79.01,0.789,402,12,13,3,10,1,2026-03-01
USER_0903,8.0,Critical,55.84,0.436,247,17,32,1,10,5,2026-02-26
USER_0904,5.03,Medium,85.95,0.309,244,15,42,8,5,4,2026-03-04
USER_0905,4.31,Medium,61.48,0.086,110,9,4,8,9,1,2026-03-10
USER_0906,3.58,Low,57.58,0.269,217,12,49,0,6,4,2026-02-20
USER_0907,9.02,Critical,84.05,0.829,165,16,26,2,0,4,2026-03-12
USER_0908,5.38,Medium,90.29,0.323,496,17,13,0,3,3,2026-03-05
USER_0909,1.34,Low,73.86,0.679,227,19,6,0,14,3,2026-02-26
USER_0910,8.89,Critical,66.07,0.72,74,20,1,1,9,5,2026-03-07
USER_0911,6.15,High,71.89,0.398,335,5,30,10,3,2,2026-03-09
USER_0912,4.76,Medium,98.12,0.68,487,13,38,0,5,3,2026-03-20
USER_0913,2.26,Low,49.23,0.978,417,12,29,6,15,5,2026-02-25
USER_0914,2.95,Low,91.65,0.698,177,16,33,5,1,4,2026-02-27
USER_0915,6.18,High,70.06,0.219,182,2,39,7,2,2,2026-03-18
USER_0916,5.34,Medium,64.66,0.171,225,5,25,8,5,4,2026-02-19
USER_0917,4.63,Medium,52.04,0.245,287,8,10,5,7,3,2026-02-21
USER_0918,6.06,High,47.74,0.408,263,15,20,6,1,5,2026-02-19
USER_0919,7.3,High,62.16,0.736,306,3,35,6,5,5,2026-03-07
USER_0920,3.03,Low,79.75,0.456,435,9,10,9,12,3,2026-03-05
USER_0921,3.01,Low,88.73,0.311,64,20,12,4,11,2,2026-02-21
USER_0922,6.67,High,44.12,0.358,489,12,26,5,10,4,2026-03-10
USER_0923,7.64,High,69.54,0.022,273,8,19,2,13,2,2026-03-07
USER_0924,5.21,Medium,45.78,0.067,418,10,14,8,10,4,2026-03-06
USER_0925,9.76,Critical,84.61,0.062,171,2,37,6,3,4,2026-03-09
USER_0926,9.64,Critical,76.45,0.646,297,19,39,8,12,5,2026-03-03
USER_0927,5.36,Medium,70.7,0.073,467,3,1,5,7,4,2026-03-12
USER_0928,9.97,Critical,47.55,0.907,448,12,41,3,8,5,2026-03-12
USER_0929,8.58,Critical,49.07,0.447,373,9,1,9,14,3,2026-02-21
USER_0930,2.0,Low,89.63,0.807,268,18,7,8,8,3,2026-02-27
USER_0931,3.49,Low,68.17,0.487,445,2,39,0,0,3,2026-03-01
USER_0932,2.48,Low,40.89,0.366,195,6,50,3,12,3,2026-02-22
USER_0933,1.13,Low,56.18,0.715,416,11,9,4,9,4,2026-03-07
USER_0934,7.82,High,47.02,0.134,67,13,0,10,6,5,2026-03-11
USER_0935,4.6,Medium,76.61,0.475,297,15,5,4,10,1,2026-02-28
USER_0936,6.08,High,68.51,0.968,155,18,17,9,11,5,2026-03-08
USER_0937,2.22,Low,61.76,0.41,466,15,27,3,15,5,2026-03-10
USER_0938,4.24,Medium,54.47,0.582,83,8,39,9,6,4,2026-03-14
USER_0939,9.04,Critical,93.09,0.035,407,9,18,5,15,5,2026-03-18
USER_0940,5.48,Medium,68.36,0.602,475,5,7,8,11,4,2026-03-15
USER_0941,4.57,Medium,75.37,0.704,307,6,26,0,5,1,2026-03-16
USER_0942,6.08,High,83.32,0.223,128,8,15,9,15,5,2026-02-25
USER_0943,5.5,Medium,97.01,0.409,114,1,39,1,13,3,2026-03-14
USER_0944,5.12,Medium,88.31,0.577,257,2,20,6,6,4,2026-02-23
USER_0945,3.36,Low,91.32,0.827,368,8,24,9,9,1,2026-03-19
USER_0946,6.48,High,92.09,0.268,267,1,49,5,15,3,2026-02-20
USER_0947,4.56,Medium,72.6,0.123,98,9,22,5,4,3,2026-02-21
USER_0948,5.0,Medium,41.37,0.474,207,11,14,5,2,2,2026-03-16
USER_0949,9.53,Critical,81.32,0.365,178,17,32,10,11,1,2026-03-19
USER_0950,5.69,Medium,60.45,0.222,151,20,49,8,13,5,2026-02-26
USER_0951,7.81,High,44.32,0.862,104,14,24,2,3,3,2026-02-18
USER_0952,4.16,Medium,56.39,0.227,130,11,40,8,6,1,2026-02-25
USER_0953,8.54,Critical,51.96,0.379,280,5,34,7,9,4,2026-03-08
USER_0954,9.92,Critical,90.12,0.545,120,3,21,6,4,1,2026-03-06
USER_0955,9.38,Critical,43.16,0.152,50,7,7,7,11,1,2026-03-11
USER_0956,3.8,Low,69.29,0.214,241,15,28,4,2,5,2026-02-20
USER_0957,6.53,High,67.74,0.135,354,15,11,3,7,1,2026-02-27
USER_0958,6.52,High,80.78,0.932,494,4,7,4,11,2,2026-02-23
USER_0959,4.64,Medium,97.22,0.995,380,10,13,6,12,2,2026-03-18
USER_0960,3.01,Low,76.6,0.608,352,12,21,4,8,4,2026-03-15
USER_0961,1.7,Low,99.35,0.747,223,2,35,7,2,5,2026-03-18
USER_0962,8.46,Critical,96.39,0.308,327,4,7,8,0,2,2026-03-12
USER_0963,8.43,Critical,41.35,0.479,470,8,12,5,15,1,2026-03-09
USER_0964,6.39,High,88.84,0.935,96,0,48,5,6,4,2026-03-17
USER_0965,7.96,High,97.28,0.578,391,0,32,3,2,1,2026-03-10
USER_0966,4.41,Medium,65.91,0.932,374,7,27,4,13,1,2026-03-03
USER_0967,1.29,Low,65.03,0.264,124,10,15,4,14,2,2026-03-13
USER_0968,3.33,Low,52.36,0.088,386,6,29,0,10,2,2026-02-24
USER_0969,1.61,Low,75.67,0.091,390,6,16,0,14,2,2026-03-07
USER_0970,3.63,Low,43.13,0.211,412,2,50,8,8,1,2026-03-07
USER_0971,8.33,Critical,54.5,0.628,195,6,1,9,11,2,2026-03-11
USER_0972,9.76,Critical,63.49,0.013,94,7,1,3,5,1,2026-02-22
USER_0973,1.14,Low,71.41,0.075,126,12,43,3,14,3,2026-02-26
USER_0974,3.28,Low,96.34,0.001,160,11,10,2,13,2,2026-03-15
USER_0975,8.38,Critical,40.4,0.271,315,9,43,8,12,1,2026-02-19
USER_0976,4.82,Medium,84.35,0.536,376,17,10,1,12,1,2026-03-09
USER_0977,5.09,Medium,79.14,0.779,469,20,8,5,3,3,2026-02-19
USER_0978,3.71,Low,51.1,0.768,461,3,30,3,12,4,2026-02-21
USER_0979,2.98,Low,57.1,0.503,438,9,3,0,4,3,2026-03-10
USER_0980,9.07,Critical,82.4,0.593,330,13,7,0,10,2,2026-03-01
USER_0981,4.33,Medium,47.26,0.085,457,10,48,9,2,3,2026-02-18
USER_0982,9.7,Critical,80.44,0.35,195,8,1,6,14,5,2026-03-20
USER_0983,1.37,Low,52.79,0.013,131,0,30,5,15,2,2026-03-17
USER_0984,9.05,Critical,52.85,0.194,497,18,44,9,12,1,2026-03-07
USER_0985,2.63,Low,77.72,0.118,154,17,31,4,9,2,2026-03-12
USER_0986,4.97,Medium,74.53,0.892,293,0,5,3,0,1,2026-03-18
USER_0987,5.21,Medium,96.14,0.803,87,0,50,1,1,3,2026-02-19
USER_0988,9.36,Critical,62.56,0.42,393,2,8,5,0,2,2026-03-10
USER_0989,7.76,High,59.86,0.019,238,4,49,7,5,1,2026-03-07
USER_0990,6.23,High,53.54,0.795,204,0,4,6,14,2,2026-03-07
USER_0991,3.05,Low,92.35,0.778,305,1,30,3,0,1,2026-03-09
USER_0992,5.85,Medium,73.84,0.226,244,8,34,9,5,3,2026-03-18
USER_0993,1.94,Low,66.9,0.238,410,12,45,3,13,4,2026-02-26
USER_0994,6.0,High,61.87,0.77,341,17,35,4,3,2,2026-02-28
USER_0995,4.99,Medium,97.99,0.896,93,15,28,1,9,5,2026-03-05
USER_0996,3.56,Low,48.92,0.623,91,19,0,6,1,4,2026-02-23
USER_0997,8.55,Critical,89.94,0.331,340,10,31,7,1,4,2026-02-19
USER_0998,1.66,Low,62.32,0.995,114,20,24,1,8,3,2026-03-18
USER_0999,1.58,Low,45.38,0.902,58,9,41,6,15,3,2026-03-13
USER_1000,7.51,High,47.4,0.172,305,12,29,0,6,4,2026-03-07
